Origin,Destination,Travel Dates,Price,Last Seen
Colombo (CMB),Dubai (DXB),04/08/2026 - 04/26/2026,"LKR124,858
*",Seen: 10 hrs ago
Colombo (CMB),Dubai (DXB),04/08/2026 - 05/02/2026,"LKR124,858
*",Seen: 10 hrs ago
Colombo (CMB),Dubai (DXB),04/08/2026 - 05/03/2026,"LKR124,858
*",Seen: 10 hrs ago
Colombo (CMB),Dubai (DXB),04/08/2026 - 04/15/2026,"LKR124,858
*",Seen: 10 hrs ago
Colombo (CMB),Dubai (DXB),04/08/2026 - 04/22/2026,"LKR124,858
*",Seen: 10 hrs ago
Colombo (CMB),Chennai (MAA),04/09/2026 - 04/17/2026,"LKR55,092
*",Seen: 59 minutes ago
Colombo (CMB),Chennai (MAA),04/01/2026 - 04/06/2026,"LKR55,100
*",Seen: 5 hrs ago
Colombo (CMB),Chennai (MAA),04/02/2026 - 04/05/2026,"LKR55,100
*",Seen: 5 hrs ago
Colombo (CMB),Chennai (MAA),04/01/2026 - 04/03/2026,"LKR55,100
*",Seen: 5 hrs ago
Colombo (CMB),Chennai (MAA),04/01/2026 - 04/08/2026,"LKR55,100
*",Seen: 9 hrs ago
Colombo (CMB),Melbourne (MEL),03/16/2026 - 03/16/2026,"LKR313,517
*",Seen: 3 days ago
Colombo (CMB),Melbourne (MEL),03/19/2026 - 05/05/2026,"LKR319,344
*",Seen: 1 day ago
Colombo (CMB),Melbourne (MEL),03/22/2026 - 04/30/2026,"LKR319,344
*",Seen: 1 day ago
Colombo (CMB),Melbourne (MEL),04/01/2026 - 05/31/2026,"LKR319,322
*",Seen: 17 hrs ago
Colombo (CMB),Melbourne (MEL),03/24/2026 - 04/06/2026,"LKR319,622
*",Seen: 1 day ago
Colombo (CMB),Tokyo (NRT),03/11/2026 - 03/12/2026,"LKR198,861
*",Seen: 1 day ago
Colombo (CMB),Tokyo (NRT),04/06/2026 - 04/07/2026,"LKR198,861
*",Seen: 23 hrs ago
Colombo (CMB),Tokyo (NRT),03/27/2026 - 03/28/2026,"LKR198,861
*",Seen: 22 hrs ago
Colombo (CMB),Tokyo (NRT),04/04/2026 - 04/05/2026,"LKR198,861
*",Seen: 21 hrs ago
Colombo (CMB),Tokyo (NRT),03/30/2026 - 03/31/2026,"LKR198,844
*",Seen: 34 minutes ago
Colombo (CMB),Bangkok (BKK),04/02/2026 - 04/19/2026,"LKR99,295
*",Seen: 22 hrs ago
Colombo (CMB),Bangkok (BKK),04/02/2026 - 04/29/2026,"LKR99,295
*",Seen: 22 hrs ago
Colombo (CMB),Bangkok (BKK),04/02/2026 - 04/30/2026,"LKR99,295
*",Seen: 22 hrs ago
Colombo (CMB),Bangkok (BKK),04/02/2026 - 05/02/2026,"LKR99,295
*",Seen: 22 hrs ago
Colombo (CMB),Bangkok (BKK),04/02/2026 - 04/27/2026,"LKR99,295
*",Seen: 22 hrs ago
Colombo (CMB),Doha (DOH),03/30/2026 - 03/31/2026,"LKR100,188
*",Seen: 1 day ago
Colombo (CMB),Doha (DOH),03/30/2026 - 04/01/2026,"LKR100,188
*",Seen: 1 day ago
Colombo (CMB),Doha (DOH),03/30/2026 - 04/04/2026,"LKR100,188
*",Seen: 1 day ago
Colombo (CMB),Doha (DOH),03/30/2026 - 04/05/2026,"LKR100,188
*",Seen: 1 day ago
Colombo (CMB),Doha (DOH),03/30/2026 - 04/06/2026,"LKR100,188
*",Seen: 1 day ago
Colombo (CMB),Singapore (SIN),04/06/2026 - 05/01/2026,"LKR124,222
*",Seen: 23 hrs ago
Colombo (CMB),Singapore (SIN),04/06/2026 - 04/14/2026,"LKR124,222
*",Seen: 23 hrs ago
Colombo (CMB),Singapore (SIN),04/06/2026 - 04/16/2026,"LKR124,222
*",Seen: 23 hrs ago
Colombo (CMB),Singapore (SIN),04/06/2026 - 05/03/2026,"LKR124,222
*",Seen: 23 hrs ago
Colombo (CMB),Singapore (SIN),04/01/2026 - 04/16/2026,"LKR124,222
*",Seen: 23 hrs ago
Colombo (CMB),Kuala Lumpur (KUL),04/03/2026 - 04/28/2026,"LKR85,738
*",Seen: 2 minutes ago
Colombo (CMB),Kuala Lumpur (KUL),04/03/2026 - 04/29/2026,"LKR90,438
*",Seen: 2 minutes ago
Colombo (CMB),Kuala Lumpur (KUL),04/03/2026 - 04/21/2026,"LKR90,438
*",Seen: 2 minutes ago
Colombo (CMB),Kuala Lumpur (KUL),04/04/2026 - 04/23/2026,"LKR92,071
*",Seen: 21 hrs ago
Colombo (CMB),Kuala Lumpur (KUL),04/04/2026 - 04/24/2026,"LKR92,071
*",Seen: 21 hrs ago
Colombo (CMB),London (LHR),04/02/2026 - 06/01/2026,"LKR344,334
*",Seen: 2 days ago
Colombo (CMB),London (LHR),04/09/2026 - 04/25/2026,"LKR357,310
*",Seen: 19 hrs ago
Colombo (CMB),London (LHR),04/09/2026 - 05/01/2026,"LKR357,310
*",Seen: 19 hrs ago
Colombo (CMB),London (LHR),04/09/2026 - 05/02/2026,"LKR357,310
*",Seen: 19 hrs ago
Colombo (CMB),London (LHR),04/09/2026 - 05/03/2026,"LKR357,310
*",Seen: 19 hrs ago
Colombo (CMB),Male (MLE),04/01/2026 - 04/03/2026,"LKR118,849
*",Seen: 1 day ago
Colombo (CMB),Male (MLE),03/10/2026 - 03/10/2026,"LKR118,849
*",Seen: 1 day ago
Colombo (CMB),Male (MLE),03/15/2026 - 03/16/2026,"LKR119,149
*",Seen: 1 day ago
Colombo (CMB),Male (MLE),03/15/2026 - 03/18/2026,"LKR119,149
*",Seen: 1 day ago
Colombo (CMB),Male (MLE),03/15/2026 - 03/22/2026,"LKR119,149
*",Seen: 1 day ago
Colombo (CMB),Sydney (SYD),03/27/2026 - 04/01/2026,"LKR310,742
*",Seen: 22 hrs ago
Colombo (CMB),Sydney (SYD),03/27/2026 - 04/04/2026,"LKR310,742
*",Seen: 22 hrs ago
Colombo (CMB),Sydney (SYD),03/27/2026 - 04/05/2026,"LKR310,742
*",Seen: 22 hrs ago
Colombo (CMB),Sydney (SYD),03/27/2026 - 04/09/2026,"LKR310,742
*",Seen: 22 hrs ago
Colombo (CMB),Sydney (SYD),03/27/2026 - 04/13/2026,"LKR310,742
*",Seen: 22 hrs ago
Colombo (CMB),Delhi (DEL),04/09/2026 - 04/15/2026,"LKR87,712
*",Seen: 18 hrs ago
Colombo (CMB),Delhi (DEL),04/04/2026 - 04/14/2026,"LKR88,012
*",Seen: 21 hrs ago
Colombo (CMB),Delhi (DEL),04/09/2026 - 04/13/2026,"LKR88,012
*",Seen: 19 hrs ago
Colombo (CMB),Delhi (DEL),04/04/2026 - 04/13/2026,"LKR88,012
*",Seen: 21 hrs ago
Colombo (CMB),Delhi (DEL),04/09/2026 - 04/14/2026,"LKR88,012
*",Seen: 19 hrs ago
Colombo (CMB),Riyadh (RUH),03/10/2026 - 03/17/2026,"LKR154,742
*",Seen: 1 day ago
Colombo (CMB),Riyadh (RUH),03/10/2026 - 03/20/2026,"LKR154,742
*",Seen: 1 day ago
Colombo (CMB),Riyadh (RUH),03/10/2026 - 03/21/2026,"LKR154,742
*",Seen: 1 day ago
Colombo (CMB),Riyadh (RUH),03/10/2026 - 03/27/2026,"LKR154,742
*",Seen: 1 day ago
Colombo (CMB),Riyadh (RUH),03/10/2026 - 03/28/2026,"LKR154,742
*",Seen: 1 day ago
Colombo (CMB),Bangalore (BLR),04/02/2026 - 04/14/2026,"LKR66,831
*",Seen: 22 hrs ago
Colombo (CMB),Bangalore (BLR),04/02/2026 - 04/21/2026,"LKR66,831
*",Seen: 22 hrs ago
Colombo (CMB),Bangalore (BLR),04/02/2026 - 04/23/2026,"LKR66,831
*",Seen: 22 hrs ago
Colombo (CMB),Bangalore (BLR),04/02/2026 - 04/24/2026,"LKR66,831
*",Seen: 22 hrs ago
Colombo (CMB),Bangalore (BLR),04/08/2026 - 04/20/2026,"LKR66,831
*",Seen: 22 hrs ago
Colombo (CMB),Frankfurt (FRA),04/04/2026 - 04/08/2026,"LKR399,877
*",Seen: 12 hrs ago
Colombo (CMB),Frankfurt (FRA),04/04/2026 - 04/29/2026,"LKR399,877
*",Seen: 12 hrs ago
Colombo (CMB),Frankfurt (FRA),04/04/2026 - 04/12/2026,"LKR399,877
*",Seen: 12 hrs ago
Colombo (CMB),Frankfurt (FRA),04/04/2026 - 04/24/2026,"LKR399,877
*",Seen: 12 hrs ago
Colombo (CMB),Frankfurt (FRA),04/04/2026 - 05/03/2026,"LKR399,877
*",Seen: 12 hrs ago
Colombo (CMB),Kathmandu (KTM),04/09/2026 - 04/16/2026,"LKR139,768
*",Seen: 9 hrs ago
Colombo (CMB),Kathmandu (KTM),04/06/2026 - 04/09/2026,"LKR149,673
*",Seen: 23 hrs ago
Colombo (CMB),Kathmandu (KTM),04/02/2026 - 04/09/2026,"LKR149,673
*",Seen: 22 hrs ago
Colombo (CMB),Kathmandu (KTM),03/26/2026 - 03/30/2026,"LKR149,673
*",Seen: 20 hrs ago
Colombo (CMB),Kathmandu (KTM),03/26/2026 - 04/02/2026,"LKR149,673
*",Seen: 20 hrs ago
Colombo (CMB),Mumbai (BOM),04/01/2026 - 04/10/2026,"LKR78,410
*",Seen: 23 hrs ago
Colombo (CMB),Mumbai (BOM),04/01/2026 - 04/12/2026,"LKR78,410
*",Seen: 23 hrs ago
Colombo (CMB),Mumbai (BOM),04/01/2026 - 04/14/2026,"LKR78,410
*",Seen: 23 hrs ago
Colombo (CMB),Mumbai (BOM),04/01/2026 - 04/17/2026,"LKR78,410
*",Seen: 23 hrs ago
Colombo (CMB),Mumbai (BOM),04/01/2026 - 04/23/2026,"LKR78,410
*",Seen: 23 hrs ago
Colombo (CMB),Kuwait City (KWI),04/06/2026 - 05/05/2026,"LKR127,611
*",Seen: 23 hrs ago
Colombo (CMB),Kuwait City (KWI),04/06/2026 - 04/19/2026,"LKR127,611
*",Seen: 23 hrs ago
Colombo (CMB),Kuwait City (KWI),04/06/2026 - 04/21/2026,"LKR127,611
*",Seen: 23 hrs ago
Colombo (CMB),Kuwait City (KWI),04/06/2026 - 04/25/2026,"LKR127,611
*",Seen: 23 hrs ago
Colombo (CMB),Kuwait City (KWI),04/06/2026 - 04/26/2026,"LKR127,611
*",Seen: 23 hrs ago
Colombo (CMB),Paris (CDG),04/08/2026 - 04/10/2026,"LKR338,803
*",Seen: 22 hrs ago
Colombo (CMB),Paris (CDG),04/09/2026 - 04/10/2026,"LKR338,803
*",Seen: 19 hrs ago
Colombo (CMB),Paris (CDG),04/09/2026 - 04/12/2026,"LKR338,803
*",Seen: 19 hrs ago
Colombo (CMB),Paris (CDG),04/08/2026 - 04/12/2026,"LKR338,803
*",Seen: 10 hrs ago
Colombo (CMB),Paris (CDG),04/09/2026 - 05/06/2026,"LKR349,142
*",Seen: 19 hrs ago
Colombo (CMB),Seoul (ICN),04/07/2026 - 04/20/2026,"LKR237,320
*",Seen: 18 hrs ago
Colombo (CMB),Seoul (ICN),04/07/2026 - 05/04/2026,"LKR237,320
*",Seen: 18 hrs ago
Colombo (CMB),Seoul (ICN),04/07/2026 - 05/06/2026,"LKR237,320
*",Seen: 18 hrs ago
Colombo (CMB),Seoul (ICN),04/07/2026 - 04/27/2026,"LKR237,320
*",Seen: 18 hrs ago
Colombo (CMB),Seoul (ICN),04/07/2026 - 04/15/2026,"LKR237,320
*",Seen: 18 hrs ago
Colombo (CMB),Kochi (COK),03/10/2026 - 03/11/2026,"LKR80,904
*",Seen: 1 day ago
Colombo (CMB),Kochi (COK),03/18/2026 - 04/18/2026,"LKR86,804
*",Seen: 12 hrs ago
Colombo (CMB),Kochi (COK),04/01/2026 - 04/27/2026,"LKR91,204
*",Seen: 1 day ago
Colombo (CMB),Kochi (COK),04/01/2026 - 04/19/2026,"LKR91,204
*",Seen: 1 day ago
Colombo (CMB),Kochi (COK),04/01/2026 - 04/22/2026,"LKR91,204
*",Seen: 1 day ago
Colombo (CMB),Karachi (KHI),03/24/2026 - 03/26/2026,"LKR228,236
*",Seen: 1 day ago
Colombo (CMB),Karachi (KHI),03/24/2026 - 03/31/2026,"LKR228,236
*",Seen: 1 day ago
Colombo (CMB),Karachi (KHI),03/24/2026 - 04/02/2026,"LKR228,236
*",Seen: 1 day ago
Colombo (CMB),Karachi (KHI),03/24/2026 - 04/07/2026,"LKR228,236
*",Seen: 1 day ago
Colombo (CMB),Karachi (KHI),03/24/2026 - 04/18/2026,"LKR228,236
*",Seen: 1 day ago
Colombo (CMB),Tiruchirappalli (TRZ),04/06/2026 - 04/07/2026,"LKR84,405
*",Seen: 23 hrs ago
Colombo (CMB),Tiruchirappalli (TRZ),04/06/2026 - 04/11/2026,"LKR84,405
*",Seen: 23 hrs ago
Colombo (CMB),Tiruchirappalli (TRZ),04/06/2026 - 04/28/2026,"LKR84,405
*",Seen: 23 hrs ago
Colombo (CMB),Tiruchirappalli (TRZ),04/06/2026 - 04/15/2026,"LKR84,405
*",Seen: 23 hrs ago
Colombo (CMB),Tiruchirappalli (TRZ),04/06/2026 - 05/06/2026,"LKR84,405
*",Seen: 23 hrs ago
Colombo (CMB),Hyderabad (HYD),03/29/2026 - 04/19/2026,"LKR72,738
*",Seen: 3 days ago
Colombo (CMB),Hyderabad (HYD),03/15/2026 - 03/30/2026,"LKR80,938
*",Seen: 1 day ago
Colombo (CMB),Hyderabad (HYD),03/26/2026 - 03/30/2026,"LKR139,438
*",Seen: 1 day ago
Colombo (CMB),Auckland (AKL),04/09/2026 - 05/06/2026,"LKR378,546
*",Seen: 9 hrs ago
Colombo (CMB),Auckland (AKL),03/28/2026 - 04/25/2026,"LKR386,215
*",Seen: 13 minutes ago
Colombo (CMB),Auckland (AKL),03/28/2026 - 04/14/2026,"LKR386,215
*",Seen: 14 minutes ago
Colombo (CMB),Auckland (AKL),04/07/2026 - 05/06/2026,"LKR385,855
*",Seen: 10 hrs ago
Colombo (CMB),Auckland (AKL),03/28/2026 - 04/21/2026,"LKR394,115
*",Seen: 14 minutes ago
Colombo (CMB),Abu Dhabi (AUH),03/24/2026 - 04/14/2026,"LKR190,640
*",Seen: 1 day ago
Colombo (CMB),Abu Dhabi (AUH),03/24/2026 - 04/15/2026,"LKR190,640
*",Seen: 1 day ago
Colombo (CMB),Abu Dhabi (AUH),03/24/2026 - 04/18/2026,"LKR190,640
*",Seen: 1 day ago
Colombo (CMB),Abu Dhabi (AUH),03/24/2026 - 04/20/2026,"LKR190,640
*",Seen: 1 day ago
Colombo (CMB),Abu Dhabi (AUH),03/24/2026 - 04/03/2026,"LKR190,640
*",Seen: 1 day ago
Colombo (CMB),Dammam (DMM),04/05/2026 - 04/11/2026,"LKR190,767
*",Seen: 22 hrs ago
Colombo (CMB),Dammam (DMM),04/05/2026 - 04/13/2026,"LKR190,767
*",Seen: 22 hrs ago
Colombo (CMB),Dammam (DMM),04/05/2026 - 04/14/2026,"LKR190,767
*",Seen: 22 hrs ago
Colombo (CMB),Dammam (DMM),04/07/2026 - 04/13/2026,"LKR190,767
*",Seen: 18 hrs ago
Colombo (CMB),Dammam (DMM),04/07/2026 - 04/14/2026,"LKR190,767
*",Seen: 18 hrs ago
Colombo (CMB),Brisbane (BNE),04/04/2026 - 04/14/2026,"LKR297,672
*",Seen: 21 hrs ago
Colombo (CMB),Brisbane (BNE),04/04/2026 - 04/09/2026,"LKR297,672
*",Seen: 21 hrs ago
Colombo (CMB),Brisbane (BNE),04/04/2026 - 04/13/2026,"LKR297,672
*",Seen: 21 hrs ago
Colombo (CMB),Brisbane (BNE),03/26/2026 - 04/01/2026,"LKR297,672
*",Seen: 20 hrs ago
Colombo (CMB),Brisbane (BNE),03/26/2026 - 04/08/2026,"LKR297,672
*",Seen: 20 hrs ago
Colombo (CMB),Toronto (YYZ),04/09/2026 - 04/11/2026,"LKR456,651
*",Seen: 19 hrs ago
Colombo (CMB),Toronto (YYZ),04/09/2026 - 04/22/2026,"LKR459,188
*",Seen: 19 hrs ago
Colombo (CMB),Toronto (YYZ),04/09/2026 - 04/25/2026,"LKR459,188
*",Seen: 19 hrs ago
Colombo (CMB),Toronto (YYZ),04/09/2026 - 04/28/2026,"LKR459,188
*",Seen: 19 hrs ago
Colombo (CMB),Toronto (YYZ),04/09/2026 - 04/29/2026,"LKR459,188
*",Seen: 19 hrs ago
Colombo (CMB),Guangzhou (CAN),04/04/2026 - 04/12/2026,"LKR192,074
*",Seen: 1 hour ago
Colombo (CMB),Guangzhou (CAN),03/24/2026 - 03/25/2026,"LKR192,378
*",Seen: 1 day ago
Colombo (CMB),Guangzhou (CAN),03/24/2026 - 03/27/2026,"LKR192,378
*",Seen: 1 day ago
Colombo (CMB),Guangzhou (CAN),03/24/2026 - 03/29/2026,"LKR192,378
*",Seen: 1 day ago
Colombo (CMB),Guangzhou (CAN),03/24/2026 - 03/31/2026,"LKR192,378
*",Seen: 1 day ago
Colombo (CMB),Tokyo (HND),04/08/2026 - 04/17/2026,"LKR261,318
*",Seen: 3 days ago
Colombo (CMB),Tokyo (HND),04/09/2026 - 04/18/2026,"LKR261,492
*",Seen: 9 hrs ago
Colombo (CMB),Tokyo (HND),03/28/2026 - 04/06/2026,"LKR477,718
*",Seen: 2 days ago
Colombo (CMB),Tokyo (HND),03/16/2026 - 03/26/2026,"LKR741,740
*",Seen: 15 hrs ago
Colombo (CMB),Tokyo (HND),03/17/2026 - 03/26/2026,"LKR741,740
*",Seen: 12 hrs ago
Colombo (CMB),Thiruvananthapuram (TRV),03/19/2026 - 03/23/2026,"LKR107,876
*",Seen: 3 days ago
Colombo (CMB),Thiruvananthapuram (TRV),03/10/2026 - 03/13/2026,"LKR173,176
*",Seen: 1 day ago
Colombo (CMB),Adelaide (ADL),04/04/2026 - 04/27/2026,"LKR304,688
*",Seen: 21 hrs ago
Colombo (CMB),Adelaide (ADL),04/04/2026 - 04/28/2026,"LKR304,688
*",Seen: 21 hrs ago
Colombo (CMB),Adelaide (ADL),04/04/2026 - 04/25/2026,"LKR304,688
*",Seen: 21 hrs ago
Colombo (CMB),Adelaide (ADL),04/04/2026 - 04/30/2026,"LKR304,688
*",Seen: 12 hrs ago
Colombo (CMB),Adelaide (ADL),03/24/2026 - 04/04/2026,"LKR307,272
*",Seen: 1 day ago
Colombo (CMB),Jakarta (CGK),03/19/2026 - 04/11/2026,"LKR150,524
*",Seen: 2 hrs ago
Colombo (CMB),Jakarta (CGK),03/21/2026 - 04/10/2026,"LKR150,524
*",Seen: 3 hrs ago
Colombo (CMB),Jakarta (CGK),03/21/2026 - 04/11/2026,"LKR150,524
*",Seen: 2 hrs ago
Colombo (CMB),Jakarta (CGK),03/10/2026 - 03/16/2026,"LKR150,824
*",Seen: 1 day ago
Colombo (CMB),Jakarta (CGK),03/10/2026 - 03/17/2026,"LKR150,824
*",Seen: 1 day ago
Colombo (CMB),Canberra (CBR),04/02/2026 - 05/26/2026,"LKR632,576
*",Seen: 3 days ago
Colombo (CMB),Dhaka (DAC),04/06/2026 - 04/10/2026,"LKR160,676
*",Seen: 23 hrs ago
Colombo (CMB),Dhaka (DAC),04/06/2026 - 04/23/2026,"LKR160,676
*",Seen: 23 hrs ago
Colombo (CMB),Dhaka (DAC),04/06/2026 - 05/06/2026,"LKR160,676
*",Seen: 23 hrs ago
Colombo (CMB),Dhaka (DAC),04/06/2026 - 04/09/2026,"LKR160,676
*",Seen: 23 hrs ago
Colombo (CMB),Dhaka (DAC),04/06/2026 - 04/16/2026,"LKR160,676
*",Seen: 23 hrs ago
